district,crime_type,2001/02,2002/03,2003/04,2004/05,2005/06,2006/07,2007/08,2008/09,2009/10,2010/11,2011/12,2012/13,2013/14,2014/15,2015/16,2016/17,2017/18,2018/19,2019/20,2020/21,2021/22,2022/23,2023/24,2024/25
Belfast City,Violence with injury (including homicide & death/serious injury by unlawful driving),2959,2742,5290,4945,5283,5399,4766,4728,4515,4485,4646,4564,4485,4614,4807,4473,4221,4218,4101,3469,4474,4662,4718,4587
Belfast City,Violence without injury,4854,5385,2456,2637,3039,3333,3541,3635,3602,3669,3492,3583,4234,4715,5390,5226,5181,5222,5394,4787,6072,6276,5976,5777
Belfast City,Stalking & Harassment,343,515,460,391,435,405,337,388,438,454,505,512,884,1133,1064,920,891,1259,2210,2524,3383,3424,2444,2504
Belfast City,Sexual offences,382,336,435,512,414,447,488,475,480,524,446,473,525,731,808,791,872,837,951,900,1181,1262,1324,1326
Belfast City,Robbery,1235,1412,1015,790,987,907,632,649,662,760,711,601,591,528,440,352,294,349,339,248,261,308,280,232
Belfast City,Theft - burglary residential,,,,,,,,,,,,,,,,,1758,1752,1598,1158,1172,997,963,696
Belfast City,Theft - burglary business & community,,,,,,,,,,,,,,,,,560,521,494,298,292,403,302,320
Belfast City,Theft - domestic burglary,2657,2849,2541,2518,2069,2320,2444,2700,2573,2604,2364,2029,2145,2212,2300,1805,,,,,,,,
Belfast City,Theft - non-domestic burglary,2029,2174,1706,1731,1274,1121,1176,1169,1558,1080,850,948,954,842,928,621,,,,,,,,
Belfast City,Theft - vehicle offences,9300,9151,6622,5720,3863,3878,3550,3080,3483,2798,2700,2233,2227,1904,2086,1861,1536,1415,1213,859,1048,1022,929,1034
Belfast City,Theft from the person,988,938,667,632,412,400,467,371,341,302,388,417,372,329,354,273,255,330,327,131,168,197,155,166
Belfast City,Theft - shoplifting,2222,1924,1657,1687,2052,2050,1888,2237,2398,2485,2404,2212,2293,2336,2340,2092,2126,2392,2528,1581,1837,2641,2897,3127
Belfast City,Bicycle theft,313,255,265,322,351,355,370,461,463,573,594,640,666,559,423,587,608,538,582,377,463,562,407,380
Belfast City,All other theft offences,5091,5128,4807,4090,3790,3690,2859,3019,2849,2952,3606,4525,5143,5567,5137,4968,4810,4891,4568,3163,3534,3704,3514,3318
Belfast City,Criminal damage,13562,12451,9808,9042,10278,10377,8792,8479,7508,7055,6787,6733,6661,6536,6627,6254,5833,5375,5656,4956,5162,5183,4497,4421
Belfast City,Trafficking of drugs,39,58,78,71,71,125,127,173,185,198,229,233,257,259,239,249,253,301,286,283,322,396,471,398
Belfast City,Possession of drugs,176,428,565,552,593,522,610,746,762,844,858,1009,1000,1221,1345,1336,1634,1906,2214,1976,2104,2551,2771,2342
Belfast City,Possession of weapons offences,160,211,193,201,226,245,266,266,300,253,290,235,254,246,264,316,358,381,359,345,355,395,467,457
Belfast City,Public order offences,285,614,300,221,601,475,471,598,585,544,512,502,484,465,492,382,366,384,466,415,385,338,330,354
Belfast City,Miscellaneous crimes against society,535,526,539,586,639,615,498,746,660,521,538,481,576,716,645,676,716,664,677,660,656,919,834,825
Belfast City,Total police recorded crime,47130,47097,39404,36648,36377,36664,33282,33920,33362,32101,31920,31930,33751,34913,35689,33182,32272,32735,33963,28130,32869,35240,33279,32264
Lisburn & Castlereagh City,Violence with injury (including homicide & death/serious injury by unlawful driving),259,316,997,848,786,726,669,644,715,727,651,657,643,650,740,737,775,897,758,758,834,791,731,671
Lisburn & Castlereagh City,Violence without injury,972,1140,584,627,663,654,534,501,544,569,519,640,797,845,1036,947,1003,1251,1110,1089,1275,1152,1055,974
Lisburn & Castlereagh City,Stalking & Harassment,99,130,197,208,205,185,123,112,141,125,105,80,181,196,174,214,336,538,656,779,880,686,461,449
Lisburn & Castlereagh City,Sexual offences,67,103,122,86,102,95,101,113,107,132,133,111,153,153,193,228,217,256,239,218,244,269,243,268
Lisburn & Castlereagh City,Robbery,111,111,133,88,103,78,49,62,62,64,47,45,46,25,18,27,19,24,24,13,10,13,14,12
Lisburn & Castlereagh City,Theft - burglary residential,,,,,,,,,,,,,,,,,357,310,396,187,200,124,167,124
Lisburn & Castlereagh City,Theft - burglary business & community,,,,,,,,,,,,,,,,,119,100,84,51,44,42,40,33
Lisburn & Castlereagh City,Theft - domestic burglary,608,652,677,475,735,496,488,492,469,408,430,336,294,351,457,341,,,,,,,,
Lisburn & Castlereagh City,Theft - non-domestic burglary,474,564,485,284,284,252,283,347,282,223,265,276,230,180,182,141,,,,,,,,
Lisburn & Castlereagh City,Theft - vehicle offences,1831,1856,1450,1124,909,574,494,437,389,394,263,228,245,263,242,252,241,186,171,133,112,132,128,129
Lisburn & Castlereagh City,Theft from the person,53,65,47,26,37,35,37,23,36,18,17,19,14,13,16,13,23,15,23,2,6,11,9,10
Lisburn & Castlereagh City,Theft - shoplifting,395,374,348,389,393,353,358,377,404,379,400,400,395,426,514,499,523,429,502,398,421,620,712,727
Lisburn & Castlereagh City,Bicycle theft,77,53,46,51,65,44,41,44,36,52,30,31,53,52,25,26,26,35,41,40,14,23,26,22
Lisburn & Castlereagh City,All other theft offences,1226,1297,1159,1214,1250,956,728,808,778,749,679,741,683,680,609,613,813,1035,800,560,540,625,546,495
Lisburn & Castlereagh City,Criminal damage,2217,2011,1895,1644,1986,1794,1304,1231,1158,1168,993,915,853,803,885,950,940,1062,1043,909,892,819,828,659
Lisburn & Castlereagh City,Trafficking of drugs,28,36,40,31,33,33,33,41,63,77,65,58,74,63,70,63,64,55,54,70,70,89,73,32
Lisburn & Castlereagh City,Possession of drugs,40,78,89,119,113,64,77,85,93,97,156,178,255,327,472,418,524,630,539,602,668,704,560,478
Lisburn & Castlereagh City,Possession of weapons offences,18,25,30,24,30,32,25,42,46,28,27,36,27,47,44,43,65,56,57,57,56,63,64,68
Lisburn & Castlereagh City,Public order offences,19,48,48,25,69,62,63,79,87,100,63,82,63,65,97,85,73,46,68,61,74,63,63,58
Lisburn & Castlereagh City,Miscellaneous crimes against society,149,189,173,156,206,127,112,115,150,100,91,107,119,192,181,197,234,218,183,196,185,199,205,163
Lisburn & Castlereagh City,Total police recorded crime,8643,9048,8520,7419,7969,6560,5519,5553,5560,5410,4934,4940,5125,5331,5955,5794,6352,7143,6748,6123,6525,6425,5925,5372
Ards & North Down,Violence with injury (including homicide & death/serious injury by unlawful driving),498,577,1282,1209,1182,1276,1051,954,988,974,924,942,799,882,824,810,838,872,715,696,883,912,878,823
Ards & North Down,Violence without injury,1091,1241,670,668,754,899,849,651,700,737,801,768,867,981,1119,1098,1010,975,934,866,1204,1514,1201,1042
Ards & North Down,Stalking & Harassment,67,87,92,113,143,158,67,47,77,66,68,111,213,268,237,238,232,481,651,770,1120,832,695,746
Ards & North Down,Sexual offences,145,115,142,102,142,119,131,98,108,147,133,141,185,201,234,242,316,268,275,269,361,306,288,321
Ards & North Down,Robbery,123,191,117,84,69,53,35,34,30,58,35,19,29,32,14,29,36,21,17,20,13,9,27,7
Ards & North Down,Theft - burglary residential,,,,,,,,,,,,,,,,,291,287,217,151,141,103,111,76
Ards & North Down,Theft - burglary business & community,,,,,,,,,,,,,,,,,133,100,68,44,37,63,42,23
Ards & North Down,Theft - domestic burglary,644,927,809,526,589,384,397,409,428,378,395,309,313,277,310,261,,,,,,,,
Ards & North Down,Theft - non-domestic burglary,671,666,585,470,385,291,271,292,266,273,234,152,180,174,164,162,,,,,,,,
Ards & North Down,Theft - vehicle offences,1664,1541,1058,585,441,471,449,417,390,315,260,249,321,276,187,200,179,168,140,124,103,134,148,89
Ards & North Down,Theft from the person,47,90,47,34,35,47,36,36,30,26,27,30,10,13,19,15,20,11,14,8,3,4,6,4
Ards & North Down,Theft - shoplifting,405,468,381,334,404,442,386,437,445,413,474,402,465,442,434,385,379,381,304,234,261,407,511,486
Ards & North Down,Bicycle theft,104,71,70,86,98,83,55,69,56,50,64,44,45,36,19,35,39,33,25,17,26,18,16,17
Ards & North Down,All other theft offences,1627,1407,1045,909,870,874,670,759,711,700,742,730,696,646,668,697,780,905,762,450,443,493,444,421
Ards & North Down,Criminal damage,3184,2745,2434,2367,2487,2572,2010,1632,1631,1519,1302,1380,1294,1379,1339,1437,1263,1168,1051,1040,1057,1227,1082,873
Ards & North Down,Trafficking of drugs,11,19,41,39,19,20,23,21,23,50,55,36,56,51,45,63,50,70,56,47,43,55,38,46
Ards & North Down,Possession of drugs,65,117,141,138,137,111,107,95,136,154,158,164,162,213,320,305,274,292,338,241,283,386,453,311
Ards & North Down,Possession of weapons offences,33,31,28,36,40,37,44,38,49,37,31,26,30,30,59,50,52,60,49,37,38,62,58,47
Ards & North Down,Public order offences,11,21,45,31,87,100,94,97,103,79,98,81,108,109,100,92,75,94,94,60,75,75,85,72
Ards & North Down,Miscellaneous crimes against society,235,140,112,158,113,154,92,103,117,132,115,88,116,157,158,143,158,192,151,148,153,197,170,170
Ards & North Down,Total police recorded crime,10625,10454,9099,7889,7995,8091,6767,6189,6288,6108,5916,5672,5889,6167,6250,6262,6125,6378,5861,5222,6244,6797,6253,5574
"Newry, Mourne & Down",Violence with injury (including homicide & death/serious injury by unlawful driving),507,490,1300,1296,1466,1534,1321,1294,1455,1294,1246,1147,1217,1181,1266,1194,1152,1145,1082,967,1173,1367,1303,1147
"Newry, Mourne & Down",Violence without injury,1131,1577,680,771,820,783,860,970,1049,971,1157,1054,1199,1323,1443,1145,1324,1237,1236,1175,1394,1570,1368,1329
"Newry, Mourne & Down",Stalking & Harassment,113,119,76,124,157,115,149,188,319,277,207,160,300,290,303,302,367,422,985,1161,1524,1656,1006,804
"Newry, Mourne & Down",Sexual offences,83,119,116,104,106,107,115,131,157,185,135,182,194,236,261,273,329,338,316,284,324,362,331,339
"Newry, Mourne & Down",Robbery,127,102,115,68,60,92,73,85,82,65,52,48,52,40,22,35,27,36,43,35,31,50,44,32
"Newry, Mourne & Down",Theft - burglary residential,,,,,,,,,,,,,,,,,357,373,361,289,249,218,255,234
"Newry, Mourne & Down",Theft - burglary business & community,,,,,,,,,,,,,,,,,164,158,171,140,92,85,109,66
"Newry, Mourne & Down",Theft - domestic burglary,790,1017,761,637,689,663,659,705,740,715,669,514,495,561,477,432,,,,,,,,
"Newry, Mourne & Down",Theft - non-domestic burglary,684,777,772,617,677,600,767,664,592,706,389,375,267,337,284,242,,,,,,,,
"Newry, Mourne & Down",Theft - vehicle offences,1484,1759,1311,1065,1207,850,807,768,705,697,511,504,570,458,435,408,334,354,326,269,268,289,257,228
"Newry, Mourne & Down",Theft from the person,103,144,114,99,59,74,42,27,15,35,29,35,34,24,30,15,21,16,21,12,20,18,18,14
"Newry, Mourne & Down",Theft - shoplifting,340,338,333,414,489,429,429,624,661,425,395,351,482,482,498,463,461,389,409,300,351,544,643,568
"Newry, Mourne & Down",Bicycle theft,66,51,58,53,36,43,37,50,43,42,46,24,48,36,27,28,27,30,36,49,27,26,21,15
"Newry, Mourne & Down",All other theft offences,1084,1138,1110,1049,1094,1119,927,990,1108,1049,990,1007,1040,901,945,879,896,882,821,607,682,780,755,607
"Newry, Mourne & Down",Criminal damage,2763,2411,2316,2241,2504,3208,2709,2348,2035,1896,1628,1492,1605,1586,1777,1662,1641,1545,1676,1769,1474,1651,1494,1233
"Newry, Mourne & Down",Trafficking of drugs,7,9,17,22,19,16,44,37,61,62,86,73,104,66,64,58,60,64,36,76,84,87,58,72
"Newry, Mourne & Down",Possession of drugs,51,92,162,163,177,123,177,162,203,275,321,415,539,495,418,420,493,526,585,637,557,689,614,483
"Newry, Mourne & Down",Possession of weapons offences,28,52,40,39,58,45,54,63,60,76,54,42,59,70,83,67,78,112,103,143,125,124,133,81
"Newry, Mourne & Down",Public order offences,60,60,36,29,191,153,147,146,171,143,129,109,158,185,109,116,92,81,98,140,109,115,126,78
"Newry, Mourne & Down",Miscellaneous crimes against society,211,301,207,214,271,171,165,265,270,269,248,207,289,265,350,330,332,213,310,390,334,413,423,308
"Newry, Mourne & Down",Total police recorded crime,9632,10556,9524,9005,10080,10125,9482,9517,9726,9182,8292,7739,8652,8536,8792,8069,8155,7921,8615,8443,8818,10044,8958,7638
"Armagh City, Banbridge & Craigavon",Violence with injury (including homicide & death/serious injury by unlawful driving),644,729,1629,1696,1680,1681,1573,1489,1489,1416,1476,1345,1369,1475,1539,1376,1483,1491,1482,1177,1477,1402,1425,1268
"Armagh City, Banbridge & Craigavon",Violence without injury,1599,1817,1032,1033,983,1076,1071,1136,1140,1217,1381,1278,1471,1709,1742,1666,1872,1712,1772,1688,2347,2060,1947,1693
"Armagh City, Banbridge & Craigavon",Stalking & Harassment,159,208,276,312,244,193,159,124,214,217,221,163,284,308,317,340,422,484,1272,1354,1506,1319,1202,957
"Armagh City, Banbridge & Craigavon",Sexual offences,139,104,149,127,148,121,125,146,168,153,167,186,234,278,338,352,347,377,354,357,390,449,382,427
"Armagh City, Banbridge & Craigavon",Robbery,106,140,99,82,103,90,84,131,139,99,90,71,45,35,44,55,56,39,41,40,30,27,31,24
"Armagh City, Banbridge & Craigavon",Theft - burglary residential,,,,,,,,,,,,,,,,,517,311,397,280,245,202,232,225
"Armagh City, Banbridge & Craigavon",Theft - burglary business & community,,,,,,,,,,,,,,,,,176,142,151,78,62,81,74,51
"Armagh City, Banbridge & Craigavon",Theft - domestic burglary,839,1145,866,717,956,735,604,674,679,645,642,638,614,614,570,488,,,,,,,,
"Armagh City, Banbridge & Craigavon",Theft - non-domestic burglary,957,1014,915,570,508,479,562,511,507,485,439,495,357,394,312,238,,,,,,,,
"Armagh City, Banbridge & Craigavon",Theft - vehicle offences,1376,1231,1307,730,768,630,531,738,904,622,416,421,487,425,372,345,304,336,332,213,241,213,271,186
"Armagh City, Banbridge & Craigavon",Theft from the person,53,47,61,56,46,51,33,36,19,17,19,32,22,28,33,21,22,17,10,9,7,5,10,10
"Armagh City, Banbridge & Craigavon",Theft - shoplifting,325,290,247,349,475,435,442,514,508,501,517,465,483,586,736,703,532,558,573,482,546,575,852,934
"Armagh City, Banbridge & Craigavon",Bicycle theft,86,76,82,65,85,66,72,55,69,86,85,66,63,56,66,41,47,63,57,61,48,52,52,44
"Armagh City, Banbridge & Craigavon",All other theft offences,1032,1140,1148,1096,1145,1084,1012,1172,1072,1126,1168,1070,982,968,888,939,1006,945,909,696,735,852,822,625
"Armagh City, Banbridge & Craigavon",Criminal damage,3092,2908,2869,2659,2918,3125,2775,2520,2281,2096,2200,1805,1881,1842,1912,1775,1733,1734,1913,1794,1832,1685,1485,1448
"Armagh City, Banbridge & Craigavon",Trafficking of drugs,19,25,40,28,37,31,58,64,57,76,56,109,96,97,115,78,75,73,83,90,102,89,90,87
"Armagh City, Banbridge & Craigavon",Possession of drugs,90,186,202,228,329,232,243,318,241,274,312,373,410,484,466,421,512,600,662,669,662,645,579,493
"Armagh City, Banbridge & Craigavon",Possession of weapons offences,70,53,49,61,67,65,68,82,67,57,71,79,65,88,92,107,129,117,130,97,99,112,138,97
"Armagh City, Banbridge & Craigavon",Public order offences,76,114,64,62,227,249,194,272,253,157,158,160,147,156,140,96,88,70,97,97,100,76,113,71
"Armagh City, Banbridge & Craigavon",Miscellaneous crimes against society,237,357,282,278,342,302,190,225,299,253,277,267,277,334,373,332,362,380,335,400,354,361,398,369
"Armagh City, Banbridge & Craigavon",Total police recorded crime,10899,11584,11317,10149,11061,10645,9796,10207,10106,9497,9695,9023,9287,9877,10055,9373,9683,9449,10570,9582,10783,10205,10103,9009
Mid Ulster,Violence with injury (including homicide & death/serious injury by unlawful driving),440,423,1066,987,986,989,1013,905,943,1006,1009,904,788,829,949,765,735,750,702,608,787,803,699,685
Mid Ulster,Violence without injury,961,1043,514,590,614,608,650,622,633,593,766,860,837,819,853,835,853,824,950,831,973,1137,937,939
Mid Ulster,Stalking & Harassment,106,111,104,129,171,99,100,71,77,129,153,164,181,191,183,156,163,229,518,550,688,728,521,404
Mid Ulster,Sexual offences,78,79,94,83,86,96,82,97,88,94,101,109,128,156,156,168,212,212,196,154,218,245,238,185
Mid Ulster,Robbery,31,35,37,26,40,32,39,32,66,32,38,20,26,17,17,16,14,22,22,8,17,12,6,18
Mid Ulster,Theft - burglary residential,,,,,,,,,,,,,,,,,223,169,162,161,132,92,86,103
Mid Ulster,Theft - burglary business & community,,,,,,,,,,,,,,,,,103,82,90,54,41,49,45,42
Mid Ulster,Theft - domestic burglary,428,462,361,285,305,228,236,228,309,258,280,209,163,209,156,165,,,,,,,,
Mid Ulster,Theft - non-domestic burglary,423,392,323,277,342,249,268,267,325,296,278,207,200,182,139,157,,,,,,,,
Mid Ulster,Theft - vehicle offences,554,587,409,301,357,361,366,397,457,382,298,278,274,209,214,249,226,224,174,145,140,130,147,112
Mid Ulster,Theft from the person,22,17,42,37,13,33,16,17,23,12,23,13,17,18,9,8,7,5,14,5,4,9,3,4
Mid Ulster,Theft - shoplifting,160,159,153,180,239,266,182,304,326,325,267,256,285,255,231,153,180,192,275,157,183,251,253,264
Mid Ulster,Bicycle theft,35,32,24,31,35,32,31,19,31,20,27,18,22,13,8,10,11,4,19,26,17,10,9,21
Mid Ulster,All other theft offences,661,677,679,667,763,687,673,760,746,749,780,639,615,556,476,511,459,614,509,405,437,427,438,332
Mid Ulster,Criminal damage,1788,1764,1682,1785,2010,1879,1886,1665,1657,1557,1369,1149,1082,1044,1132,915,880,824,971,904,931,937,764,710
Mid Ulster,Trafficking of drugs,11,18,35,21,13,32,42,56,38,44,77,66,43,43,39,30,33,43,59,43,47,46,49,56
Mid Ulster,Possession of drugs,69,121,202,187,242,144,137,171,172,198,241,192,195,176,210,219,311,301,409,440,476,477,436,394
Mid Ulster,Possession of weapons offences,31,37,22,34,35,61,45,50,47,39,32,33,39,43,49,39,35,47,49,50,53,79,54,62
Mid Ulster,Public order offences,59,61,19,28,129,81,67,66,78,71,60,58,67,59,43,23,38,26,52,54,54,51,30,30
Mid Ulster,Miscellaneous crimes against society,210,209,167,174,255,217,136,234,190,166,175,184,162,200,177,191,165,185,227,165,187,198,194,222
Mid Ulster,Total police recorded crime,6067,6227,5933,5822,6635,6094,5969,5961,6206,5971,5974,5359,5124,5019,5041,4610,4648,4753,5398,4760,5385,5681,4909,4583
Fermanagh & Omagh,Violence with injury (including homicide & death/serious injury by unlawful driving),395,442,873,773,902,984,865,765,765,762,869,755,649,710,781,722,674,645,593,470,549,664,551,496
Fermanagh & Omagh,Violence without injury,825,898,475,552,579,635,710,658,617,671,829,822,793,865,865,872,832,820,797,613,907,877,801,722
Fermanagh & Omagh,Stalking & Harassment,15,36,21,51,92,112,97,123,154,132,116,149,219,262,172,106,136,189,435,504,488,479,425,411
Fermanagh & Omagh,Sexual offences,74,64,95,89,82,117,118,115,103,106,113,109,110,150,166,146,163,200,199,169,180,192,207,179
Fermanagh & Omagh,Robbery,31,31,39,20,17,22,22,30,19,21,23,18,21,14,16,10,11,25,14,12,8,6,12,9
Fermanagh & Omagh,Theft - burglary residential,,,,,,,,,,,,,,,,,217,216,277,111,122,92,113,70
Fermanagh & Omagh,Theft - burglary business & community,,,,,,,,,,,,,,,,,83,64,75,35,33,52,52,40
Fermanagh & Omagh,Theft - domestic burglary,367,392,444,266,283,235,225,205,211,275,229,234,234,285,246,197,,,,,,,,
Fermanagh & Omagh,Theft - non-domestic burglary,424,401,381,272,267,229,213,282,291,293,219,228,210,173,131,115,,,,,,,,
Fermanagh & Omagh,Theft - vehicle offences,540,536,409,361,331,354,369,406,351,309,274,245,221,265,261,172,170,211,152,91,124,99,121,94
Fermanagh & Omagh,Theft from the person,57,26,17,9,15,22,13,20,16,14,10,9,10,13,15,19,45,41,16,5,5,7,3,2
Fermanagh & Omagh,Theft - shoplifting,169,162,155,145,147,248,217,230,277,294,292,246,291,250,310,347,286,340,282,229,228,282,357,366
Fermanagh & Omagh,Bicycle theft,20,34,16,19,25,29,16,21,26,25,23,30,23,17,11,8,6,7,10,13,9,9,10,7
Fermanagh & Omagh,All other theft offences,726,738,638,654,655,597,649,676,740,711,730,683,666,569,530,531,422,413,422,318,350,441,370,273
Fermanagh & Omagh,Criminal damage,1603,1440,1387,1286,1527,1663,1496,1190,1145,1134,1171,917,846,904,959,886,743,808,872,648,635,625,622,545
Fermanagh & Omagh,Trafficking of drugs,5,13,25,35,10,19,22,21,26,31,40,48,39,34,38,50,53,40,46,39,56,36,50,53
Fermanagh & Omagh,Possession of drugs,56,107,114,150,241,110,196,144,136,134,187,209,150,126,180,225,218,264,251,260,307,313,358,366
Fermanagh & Omagh,Possession of weapons offences,25,15,19,34,32,31,53,45,32,44,29,32,28,40,56,16,27,30,36,42,29,39,46,51
Fermanagh & Omagh,Public order offences,43,51,18,16,97,58,64,63,42,58,46,40,38,48,58,37,37,26,47,53,38,53,36,34
Fermanagh & Omagh,Miscellaneous crimes against society,132,206,154,147,183,211,177,186,191,169,188,174,160,209,198,176,145,153,174,146,149,159,204,179
Fermanagh & Omagh,Total police recorded crime,5507,5592,5280,4879,5485,5676,5522,5180,5142,5183,5388,4948,4708,4934,4993,4635,4268,4492,4698,3758,4217,4425,4338,3897
Derry City & Strabane,Violence with injury (including homicide & death/serious injury by unlawful driving),837,858,1705,1755,1753,1747,1576,1516,1553,1431,1512,1589,1446,1382,1499,1395,1312,1287,1509,1324,1619,1638,1662,1491
Derry City & Strabane,Violence without injury,1971,1891,1069,1097,1121,1126,1169,1232,1265,1298,1335,1567,1676,1658,1721,1624,1516,1517,1875,1887,2413,2385,2239,2037
Derry City & Strabane,Stalking & Harassment,64,105,155,126,157,287,275,244,263,166,206,227,277,304,314,259,374,571,1148,1138,1607,1678,1490,1249
Derry City & Strabane,Sexual offences,195,199,205,177,200,218,225,233,202,154,179,193,228,288,286,311,294,348,309,362,433,406,367,395
Derry City & Strabane,Robbery,112,105,99,78,92,92,56,89,86,64,71,67,64,73,60,52,47,55,59,66,50,48,57,46
Derry City & Strabane,Theft - burglary residential,,,,,,,,,,,,,,,,,348,330,343,255,220,214,222,177
Derry City & Strabane,Theft - burglary business & community,,,,,,,,,,,,,,,,,116,81,98,53,56,65,62,62
Derry City & Strabane,Theft - domestic burglary,670,670,728,480,422,513,388,455,431,424,354,502,423,474,409,276,,,,,,,,
Derry City & Strabane,Theft - non-domestic burglary,556,462,494,339,446,249,204,293,286,285,263,265,261,231,162,170,,,,,,,,
Derry City & Strabane,Theft - vehicle offences,805,823,648,641,680,700,481,470,467,475,526,497,544,546,485,332,316,244,221,239,196,227,241,175
Derry City & Strabane,Theft from the person,56,136,158,150,70,70,57,29,43,42,29,50,60,26,36,15,12,25,21,12,20,18,24,17
Derry City & Strabane,Theft - shoplifting,376,364,465,453,537,519,481,471,439,484,470,440,531,547,528,465,551,500,445,309,450,726,768,609
Derry City & Strabane,Bicycle theft,61,50,65,48,50,36,42,41,44,44,48,63,65,73,55,34,25,30,27,42,33,24,31,19
Derry City & Strabane,All other theft offences,1132,1058,1022,968,1085,965,895,1057,879,1022,1298,1210,1044,1024,965,813,743,722,780,757,823,832,974,781
Derry City & Strabane,Criminal damage,2928,2945,2736,2858,3237,3017,2740,2548,2519,2485,2343,2240,1891,1893,1943,1833,1735,1645,1886,1829,1835,1688,1680,1413
Derry City & Strabane,Trafficking of drugs,27,16,24,26,29,37,24,37,50,45,45,68,97,71,76,72,115,111,149,191,142,116,117,110
Derry City & Strabane,Possession of drugs,109,155,169,158,177,131,100,116,139,175,144,264,322,363,380,337,514,482,513,718,723,639,599,586
Derry City & Strabane,Possession of weapons offences,27,52,49,54,42,51,52,49,50,60,52,47,69,60,91,71,82,81,99,103,126,122,160,108
Derry City & Strabane,Public order offences,79,152,96,44,209,161,142,175,227,150,184,147,158,111,138,96,107,82,138,161,116,127,117,97
Derry City & Strabane,Miscellaneous crimes against society,123,177,205,232,220,187,120,206,245,189,242,223,274,246,262,353,282,281,299,302,310,314,394,381
Derry City & Strabane,Total police recorded crime,10128,10218,10092,9684,10527,10106,9027,9261,9188,8993,9301,9659,9430,9370,9410,8508,8489,8392,9919,9748,11172,11267,11204,9753
Causeway Coast & Glens,Violence with injury (including homicide & death/serious injury by unlawful driving),437,492,1403,1482,1516,1585,1297,1406,1318,1272,1163,1121,1051,1022,1019,985,918,922,894,778,921,940,857,799
Causeway Coast & Glens,Violence without injury,1192,1498,615,800,803,922,948,1111,1065,945,1031,1099,1109,1063,1061,1059,1048,1068,1163,1139,1283,1247,1151,984
Causeway Coast & Glens,Stalking & Harassment,97,91,91,161,267,221,145,233,179,179,159,125,224,280,227,180,255,372,854,1075,1083,973,710,636
Causeway Coast & Glens,Sexual offences,77,147,168,125,160,148,146,200,154,147,174,164,160,194,206,225,228,272,267,230,239,261,245,247
Causeway Coast & Glens,Robbery,74,82,74,56,43,44,34,43,27,19,30,17,16,32,34,23,14,18,21,22,16,18,18,11
Causeway Coast & Glens,Theft - burglary residential,,,,,,,,,,,,,,,,,308,223,214,143,175,151,195,135
Causeway Coast & Glens,Theft - burglary business & community,,,,,,,,,,,,,,,,,106,116,129,51,46,99,61,34
Causeway Coast & Glens,Theft - domestic burglary,705,596,523,396,318,348,352,452,415,382,389,328,333,287,254,204,,,,,,,,
Causeway Coast & Glens,Theft - non-domestic burglary,652,700,635,554,593,520,397,449,443,327,305,255,256,217,218,192,,,,,,,,
Causeway Coast & Glens,Theft - vehicle offences,719,704,674,587,463,518,364,379,340,265,231,219,260,275,197,208,154,180,162,134,121,125,119,99
Causeway Coast & Glens,Theft from the person,50,43,41,40,32,48,20,32,14,20,33,21,10,25,18,14,12,10,7,7,8,12,7,10
Causeway Coast & Glens,Theft - shoplifting,287,249,237,252,305,360,290,309,307,260,234,304,270,253,273,221,246,236,210,155,206,304,485,419
Causeway Coast & Glens,Bicycle theft,100,83,76,93,150,92,89,100,94,53,53,75,47,52,25,25,28,36,30,48,24,14,28,28
Causeway Coast & Glens,All other theft offences,1157,1085,1101,928,1000,988,797,1034,984,911,984,885,852,843,683,560,579,744,648,539,461,504,455,397
Causeway Coast & Glens,Criminal damage,2772,2526,2479,2773,3000,3197,2537,2486,2171,1923,1795,1621,1385,1320,1346,1277,1177,1174,1256,1108,1130,1214,952,831
Causeway Coast & Glens,Trafficking of drugs,30,52,40,45,62,83,83,73,61,78,89,97,93,73,75,57,40,54,60,69,69,54,67,56
Causeway Coast & Glens,Possession of drugs,88,122,191,224,283,251,247,224,263,307,234,287,312,325,316,301,377,365,381,426,360,419,288,354
Causeway Coast & Glens,Possession of weapons offences,27,37,52,55,67,67,77,48,57,55,36,45,41,46,73,68,45,61,55,59,48,72,53,52
Causeway Coast & Glens,Public order offences,19,17,8,12,140,107,108,141,156,100,178,104,101,63,69,57,52,51,81,75,59,72,64,73
Causeway Coast & Glens,Miscellaneous crimes against society,140,192,197,215,209,264,139,234,257,194,199,211,199,165,191,191,199,183,219,212,220,253,253,214
Causeway Coast & Glens,Total police recorded crime,8623,8716,8605,8798,9411,9763,8070,8954,8305,7437,7317,6978,6719,6535,6285,5847,5786,6085,6651,6270,6469,6732,6008,5379
Mid & East Antrim,Violence with injury (including homicide & death/serious injury by unlawful driving),446,452,1192,1202,1240,1143,1013,959,971,915,1042,855,806,817,788,787,855,938,876,767,953,855,915,865
Mid & East Antrim,Violence without injury,1123,1256,624,676,661,822,766,767,742,745,822,639,846,859,903,944,981,1032,1108,954,1228,1272,1188,1102
Mid & East Antrim,Stalking & Harassment,87,127,169,125,178,107,131,158,89,103,119,131,174,187,167,110,232,333,640,714,801,844,639,676
Mid & East Antrim,Sexual offences,83,109,126,123,106,131,112,128,107,143,89,106,156,174,191,230,259,262,273,248,270,276,296,269
Mid & East Antrim,Robbery,102,76,83,58,76,68,40,50,36,42,48,38,26,37,34,31,39,21,30,23,18,13,25,15
Mid & East Antrim,Theft - burglary residential,,,,,,,,,,,,,,,,,274,306,288,209,139,163,139,112
Mid & East Antrim,Theft - burglary business & community,,,,,,,,,,,,,,,,,154,93,95,68,43,100,66,64
Mid & East Antrim,Theft - domestic burglary,655,617,566,411,382,412,425,455,434,458,320,348,327,259,278,284,,,,,,,,
Mid & East Antrim,Theft - non-domestic burglary,502,551,380,317,290,255,344,382,342,324,327,186,177,149,206,182,,,,,,,,
Mid & East Antrim,Theft - vehicle offences,783,867,547,397,381,301,376,339,318,268,221,189,188,184,167,150,157,156,163,115,81,118,102,108
Mid & East Antrim,Theft from the person,54,57,44,33,21,43,40,37,35,24,22,21,16,18,17,10,14,17,17,9,7,10,12,4
Mid & East Antrim,Theft - shoplifting,533,435,388,448,353,347,308,405,566,459,421,420,412,476,428,420,562,633,580,324,404,612,757,504
Mid & East Antrim,Bicycle theft,83,60,106,89,93,71,56,71,56,41,39,31,23,30,27,26,19,30,24,35,17,15,20,23
Mid & East Antrim,All other theft offences,1070,1165,1026,946,885,866,690,850,785,783,841,705,787,792,608,659,607,914,833,451,416,520,469,386
Mid & East Antrim,Criminal damage,2617,2253,2035,2100,2043,2297,2067,1908,1819,1673,1455,1253,1144,1162,1170,1260,1128,1223,1217,1176,1066,1016,831,903
Mid & East Antrim,Trafficking of drugs,22,20,38,35,26,47,37,44,66,45,44,55,63,65,62,56,44,30,49,66,68,50,64,57
Mid & East Antrim,Possession of drugs,116,165,228,208,170,135,169,159,168,125,147,182,193,203,203,271,365,415,571,685,768,558,490,498
Mid & East Antrim,Possession of weapons offences,33,38,49,36,45,56,58,56,39,40,37,39,64,64,57,59,68,77,83,89,92,66,81,79
Mid & East Antrim,Public order offences,17,23,20,23,113,99,120,149,171,156,135,116,127,81,90,105,96,89,68,90,77,58,50,47
Mid & East Antrim,Miscellaneous crimes against society,224,192,120,175,137,136,118,147,150,103,126,134,117,139,164,140,178,168,194,148,161,233,203,185
Mid & East Antrim,Total police recorded crime,8550,8463,7741,7402,7200,7336,6870,7064,6894,6447,6255,5448,5646,5696,5560,5724,6032,6737,7109,6171,6609,6779,6347,5897
Antrim & Newtownabbey,Violence with injury (including homicide & death/serious injury by unlawful driving),493,428,1050,1123,1047,1087,820,840,859,966,1086,991,897,882,817,736,792,1111,895,729,1001,1016,896,861
Antrim & Newtownabbey,Violence without injury,1195,1040,637,635,687,716,717,743,797,710,742,1158,1318,1363,1145,954,1110,1219,1300,1134,1389,1533,1260,1202
Antrim & Newtownabbey,Stalking & Harassment,136,161,169,169,268,195,147,151,79,107,100,144,170,188,220,159,217,354,607,689,1169,1205,672,814
Antrim & Newtownabbey,Sexual offences,85,63,91,122,116,126,93,103,121,142,146,159,160,168,189,205,223,203,240,215,291,275,246,288
Antrim & Newtownabbey,Robbery,170,212,162,137,154,96,79,78,67,82,76,70,42,47,33,23,20,29,19,13,24,17,17,14
Antrim & Newtownabbey,Theft - burglary residential,,,,,,,,,,,,,,,,,351,295,268,242,248,148,154,125
Antrim & Newtownabbey,Theft - burglary business & community,,,,,,,,,,,,,,,,,109,98,102,70,43,49,47,57
Antrim & Newtownabbey,Theft - domestic burglary,708,795,667,591,507,497,494,575,580,534,578,498,412,344,399,263,,,,,,,,
Antrim & Newtownabbey,Theft - non-domestic burglary,546,708,641,534,406,385,389,325,299,476,361,249,222,185,191,192,,,,,,,,
Antrim & Newtownabbey,Theft - vehicle offences,1392,1795,1527,822,735,619,514,475,417,408,317,276,272,284,279,241,262,186,217,173,143,152,163,147
Antrim & Newtownabbey,Theft from the person,51,61,50,46,34,38,30,9,19,20,12,14,11,7,12,10,8,12,5,6,1,8,10,15
Antrim & Newtownabbey,Theft - shoplifting,282,312,379,316,344,296,276,306,423,345,325,392,464,442,474,411,432,407,473,295,367,549,739,582
Antrim & Newtownabbey,Bicycle theft,59,51,54,55,41,56,52,66,65,41,49,51,42,42,32,23,27,27,29,23,21,9,19,16
Antrim & Newtownabbey,All other theft offences,1269,1324,1225,1073,1021,955,998,988,928,1011,989,874,795,898,881,875,824,1015,808,475,576,661,658,570
Antrim & Newtownabbey,Criminal damage,3222,2828,2441,2272,2306,2698,2110,1897,1938,1977,1715,1454,1247,1361,1419,1239,1206,1095,1154,1130,1169,1179,1014,992
Antrim & Newtownabbey,Trafficking of drugs,11,25,27,22,30,32,37,40,38,56,60,47,46,49,49,52,51,45,37,48,40,52,76,90
Antrim & Newtownabbey,Possession of drugs,38,62,121,120,133,115,128,147,165,140,176,215,226,244,366,335,378,379,420,438,442,522,544,446
Antrim & Newtownabbey,Possession of weapons offences,22,27,51,60,42,50,57,55,57,52,55,37,51,38,54,56,61,40,81,71,34,83,77,99
Antrim & Newtownabbey,Public order offences,23,38,19,39,144,168,132,109,122,124,116,116,80,100,127,116,69,53,88,75,70,64,44,61
Antrim & Newtownabbey,Miscellaneous crimes against society,308,247,140,134,164,125,113,157,200,156,114,117,131,157,213,142,181,188,196,164,229,274,241,223
Antrim & Newtownabbey,Total police recorded crime,10010,10177,9451,8270,8179,8254,7186,7064,7174,7347,7017,6862,6586,6799,6900,6032,6321,6756,6939,5990,7257,7796,6877,6602
Northern Ireland,Violence with injury (including homicide & death/serious injury by unlawful driving),7915,7949,17787,17316,17841,18151,15964,15500,15571,15248,15624,14870,14150,14444,15029,13980,13755,14276,13607,11743,14671,15050,14635,13693
Northern Ireland,Violence without injury,16914,18786,9356,10086,10724,11574,11815,12026,12154,12125,12875,13468,15147,16200,17278,16370,16730,16877,17639,16163,20485,21023,19123,17801
Northern Ireland,Stalking & Harassment,1286,1690,1810,1909,2317,2077,1730,1839,2030,1955,1959,1966,3107,3607,3378,2984,3625,5232,9976,11258,14249,13824,10265,9650
Northern Ireland,Sexual offences,1408,1438,1743,1650,1662,1725,1736,1839,1795,1927,1816,1933,2233,2729,3028,3171,3460,3573,3619,3406,4131,4303,4167,4244
Northern Ireland,Robbery,2222,2497,1973,1487,1744,1574,1143,1283,1276,1306,1221,1014,958,880,732,653,577,639,629,500,478,521,531,420
Northern Ireland,Theft - burglary residential,,,,,,,,,,,,,,,,,5001,4572,4521,3186,3043,2504,2637,2077
Northern Ireland,Theft - burglary business & community,,,,,,,,,,,,,,,,,1823,1555,1557,942,789,1088,900,792
Northern Ireland,Theft - domestic burglary,9071,10122,8943,7302,7255,6831,6712,7350,7269,7081,6650,5945,5753,5873,5856,4716,,,,,,,,
Northern Ireland,Theft - non-domestic burglary,7918,8409,7317,5965,5472,4630,4874,4981,5191,4768,3930,3636,3314,3064,2917,2412,,,,,,,,
Northern Ireland,Theft - vehicle offences,20448,20850,15962,12333,10135,9256,8301,7906,8221,6933,6017,5339,5609,5089,4925,4418,3879,3660,3271,2495,2577,2641,2626,2401
Northern Ireland,Theft from the person,1534,1624,1288,1162,774,861,791,637,591,530,609,661,576,514,559,413,439,499,475,206,249,299,257,256
Northern Ireland,Theft - shoplifting,5494,5075,4743,4967,5738,5745,5257,6214,6754,6370,6199,5888,6371,6495,6766,6159,6278,6457,6581,4464,5254,7511,8974,8586
Northern Ireland,Bicycle theft,1004,816,862,912,1029,907,861,997,983,1027,1058,1073,1097,966,718,843,863,833,880,731,699,762,639,592
Northern Ireland,All other theft offences,16075,16157,14960,13594,13558,12781,10898,12113,11580,11763,12807,13069,13303,13444,12390,12045,11939,13080,11860,8421,8997,9839,9445,8205
Northern Ireland,Criminal damage,39748,36282,32082,31027,34296,35827,30426,27904,25862,24483,22758,20959,19889,19830,20509,19488,18279,17653,18695,17263,17183,17224,15249,14028
Northern Ireland,Trafficking of drugs,210,291,405,375,349,475,530,607,668,762,846,890,968,871,872,828,838,886,915,1022,1043,1070,1153,1057
Northern Ireland,Possession of drugs,898,1633,2184,2247,2595,1938,2191,2367,2478,2723,2934,3488,3764,4177,4676,4588,5600,6160,6883,7092,7350,7903,7692,6751
Northern Ireland,Possession of weapons offences,474,578,582,634,684,740,799,794,804,741,714,651,727,772,922,892,1000,1062,1101,1093,1055,1217,1331,1201
Northern Ireland,Public order offences,691,1199,673,530,2007,1713,1602,1895,1995,1682,1679,1515,1531,1442,1463,1205,1093,1002,1297,1281,1157,1092,1058,975
Northern Ireland,Miscellaneous crimes against society,2504,2736,2296,2469,2739,2509,1860,2618,2729,2252,2313,2193,2420,2780,2912,2871,2952,2825,2965,2931,2938,3520,3519,3239
Northern Ireland,Total police recorded crime,135814,138132,124966,115965,120919,119314,107490,108870,107951,103676,102009,98558,100917,103177,104930,98036,98131,100841,106471,94197,106348,111391,104201,95968
